lunghezza_frasi,numero_token
1,24
1,66
1,203
1,141
1,28
1,104
1,67
1,78
1,54
1,197
1,30
1,29
1,23
1,58
1,62
1,53
1,131
1,34
1,100
1,37
1,112
1,123
2,137
1,33
1,30
1,112
1,44
1,180
1,83
1,70
1,42
1,16
1,129
1,171
1,34
1,70
1,88
1,34
1,47
1,77
1,92
1,39
3,175
1,44
1,132
5,325
1,90
2,175
1,118
3,163
1,134
1,30
2,175
1,81
1,82
1,154
1,84
1,52
1,47
1,196
1,26
1,105
2,130
1,159
1,199
1,47
1,34
1,103
1,194
1,131
1,199
1,129
1,224
1,40
1,150
1,213
1,132
1,95
1,47
1,37
1,89
1,41
1,57
1,200
2,178
1,196
1,58
1,104
1,29
1,218
1,79
2,88
1,69
1,136
1,148
1,171
1,39
2,166
2,88
1,46
3,103
1,37
1,68
1,28
1,31
1,170
1,28
1,96
1,145
2,80
1,61
1,38
1,206
1,95
1,49
1,37
1,44
2,204
1,117
1,45
1,20
1,96
1,48
1,173
2,98
2,45
1,71
1,120
1,87
1,55
1,85
1,41
1,94
2,60
1,51
2,64
1,139
1,102
1,31
1,154
2,61
1,126
1,45
1,114
2,50
1,149
1,52
1,127
2,210
1,47
1,29
1,63
1,162
1,61
1,96
1,207
1,81
1,80
1,138
2,143
1,64
1,89
2,153
1,96
1,153
1,159
1,96
1,28
2,149
1,186
1,18
1,64
1,53
2,204
1,77
1,94
1,110
1,146
1,147
1,98
1,70
1,43
1,45
1,44
2,159
1,227
1,43
1,54
1,21
1,29
1,56
1,65
1,105
1,211
1,115
1,58
1,68
2,76
1,210
2,98
1,36
1,90
1,98
1,60
1,83
1,34
1,34
3,213
1,79
2,54
1,214
1,128
1,54
1,49
1,41
1,23
2,46
2,155
2,155
1,75
1,65
1,109
1,53
1,107
1,100
1,55
1,93
1,46
1,74
1,109
1,123
1,183
1,45
1,38
1,179
1,120
1,72
1,49
1,26
1,176
1,28
1,170
1,153
1,91
1,129
1,42
1,106
2,70
2,136
1,92
1,138
1,196
1,225
1,144
1,207
1,160
3,141
1,185
1,44
1,54
1,223
1,155
1,43
1,37
1,194
3,239
1,100
1,72
2,28
2,123
1,117
1,70
1,207
1,76
1,130
2,171
2,58
2,145
1,43
2,169
1,94
1,47
1,55
1,43
2,78
1,219
1,151
2,238
1,36
1,163
2,143
5,90
1,25
1,92
1,33
1,205
1,74
1,43
1,46
2,138
2,159
1,89
1,102
1,88
2,159
1,62
1,106
1,128
1,203
1,79
1,28
1,50
1,35
1,60
2,75
1,41
1,83
1,54
1,30
2,177
1,39
1,173
1,70
1,48
1,45
1,47
1,34
1,40
1,32
3,142
3,190
1,49
1,154
1,204
2,196
1,192
1,36
1,35
1,41
2,147
12,75
1,38
1,84
2,83
1,158
1,53
1,81
1,42
1,37
1,103
1,71
1,41
1,80
3,197
2,126
1,373
1,84
2,144
1,59
2,181
1,83
4,185
1,72
1,32
2,235
2,112
1,113
1,33
1,116
1,85
1,91
3,195
1,60
1,85
1,26
1,87
2,193
1,74
1,175
1,28
1,104
1,120
1,92
3,137
1,74
2,72
1,86
1,30
1,26
1,74
1,140
1,50
1,26
2,207
1,187
1,118
2,35
1,144
1,37
1,66
1,33
2,152
1,107
1,185
1,93
1,175
1,44
1,40
1,124
2,85
1,254
1,38
1,78
2,134
1,133
1,42
1,143
5,70
1,132
1,148
1,100
1,40
2,42
1,50
1,23
1,125
1,63
1,54
1,62
1,73
1,36
1,47
3,109
1,63
2,71
2,121
2,55
2,87
1,200
1,37
1,96
1,47
1,67
1,186
1,47
1,107
1,87
1,159
1,49
2,109
2,40
1,177
2,29
3,88
1,219
1,132
1,90
1,60
22,147
2,280
1,91
3,210
1,72
1,112
1,37
1,87
2,182
1,60
1,57
1,53
1,39
1,48
1,46
1,23
1,86
1,103
1,56
1,83
1,84
1,186
2,44
1,66
1,94
1,130
1,39
2,146
1,64
1,74
1,164
1,35
1,128
1,104
2,82
1,75
1,46
1,64
1,147
1,60
1,57
1,118
1,119
1,77
1,67
1,132
1,28
1,111
1,45
1,39
1,58
1,63
1,109
1,46
2,225
1,40
2,145
1,156
1,41
1,48
1,184
2,47
1,102
1,136
6,151
1,33
1,60
1,234
1,48
2,220
1,39
2,37
1,133
2,106
1,139
1,51
1,172
1,90
1,63
2,154
1,61
1,65
1,33
1,52
1,90
2,135
1,65
1,65
1,215
1,56
1,27
1,108
1,167
1,39
5,182
1,80
1,39
1,165
1,49
1,47
1,28
1,67
2,56
1,52
1,38
1,60
1,31
1,51
2,199
1,142
1,34
2,185
1,163
1,118
1,25
1,31
1,39
1,188
1,46
1,36
1,99
1,59
1,56
1,38
1,84
1,32
1,105
1,47
4,109
1,99
2,132
1,67
1,32
1,65
2,201
1,84
1,64
1,55
1,57
1,106
3,203
2,137
1,127
1,106
1,153
1,64
1,124
1,161
1,110
1,149
1,113
1,99
1,64
1,68
1,186
1,67
2,136
1,70
1,81
1,59
1,53
1,61
2,185
1,88
1,167
1,79
1,136
1,36
1,74
1,182
1,78
1,116
1,68
1,62
1,95
1,39
1,65
1,155
1,140
1,181
2,196
1,49
2,49
1,66
1,35
1,130
1,52
1,33
1,37
1,84
1,106
1,53
2,191
1,78
4,136
1,28
1,119
1,66
1,60
1,152
2,56
1,89
1,29
1,28
1,40
1,81
2,190
1,41
1,78
1,171
1,98
1,126
1,205
1,47
1,212
4,114
2,101
1,204
2,65
1,41
1,41
1,82
1,190
1,46
1,174
1,68
1,79
1,35
1,178
1,156
1,23
1,55
2,102
1,109
1,26
2,72
1,67
1,33
1,43
1,207
1,37
2,89
1,106
2,155
1,129
1,188
4,162
1,80
1,88
1,76
1,30
1,176
1,62
1,38
1,100
2,223
2,154
1,33
1,151
1,50
1,33
1,38
2,31
1,96
1,47
1,38
1,154
1,64
1,32
1,83
1,114
1,61
1,186
1,42
1,204
2,102
1,55
1,102
1,37
1,171
1,40
1,120
1,59
2,80
2,64
1,39
1,97
1,29
1,35
1,179
1,178
1,49
1,163
1,117
1,39
1,33
1,152
1,153
1,126
2,75
1,178
1,41
1,133
1,57
1,38
2,236
1,45
1,176
1,48
1,63
1,98
1,82
1,214
1,65
1,51
1,39
1,95
1,70
1,106
1,148
1,89
1,130
1,39
1,51
2,112
1,88
1,32
1,43
1,103
1,86
1,62
1,165
1,56
1,85
1,32
1,37
1,34
1,76
1,40
2,133
1,53
1,182
1,89
1,52
1,38
1,30
2,127
3,152
1,200
1,172
2,159
1,81
1,129
1,110
1,138
1,82
1,76
1,138
1,132
1,73
1,176
1,17
1,45
2,62
4,190
1,139
1,122
1,38
1,89
1,76
2,176
1,39
1,69
1,67
1,116
2,81
1,45
1,65
1,184
1,64
2,56
1,224
1,30
2,32
1,178
1,141
1,192
1,56
1,43
2,151
1,28
1,58
1,88
2,155
1,36
1,148
1,41
1,133
1,146
1,195
1,55
2,85
1,41
1,90
1,62
1,95
1,86
1,172
2,218
1,174
1,100
1,176
2,112
1,78
1,32
1,189
1,47
1,27
1,51
1,106
1,130
2,89
1,33
1,53
1,26
1,48
1,173
1,27
1,90
1,44
2,194
1,108
1,34
1,57
1,54
1,56
2,173
1,91
1,88
1,64
1,59
1,94
1,39
1,50
2,122
1,39
1,79
2,116
1,56
1,75
1,135
1,110
1,93
1,46
1,57
1,105
1,31
2,146
1,191
1,37
2,158
1,63
1,151
1,103
1,144
1,70
1,78
1,37
1,51
1,155
1,30
1,58
1,140
1,44
1,45
1,58
1,184
1,89
1,62
2,198
2,204
2,96
1,40
1,65
2,100
1,46
1,165
1,118
1,62
1,39
1,175
1,197
1,40
1,63
1,62
1,86
1,58
2,75
1,64
1,104
1,49
1,97
1,143
2,241
1,78
1,178
1,175
1,65
1,49
1,196
1,139
1,45
1,107
1,123
3,211
1,116
1,98
2,121
1,76
2,184
1,90
2,52
1,76
2,128
1,40
1,74
1,57
1,49
1,42
1,32
1,58
2,206
1,38
1,30
1,43
1,122
1,85
1,152
1,73
1,26
1,35
1,22
1,188
1,163
1,51
1,46
1,42
1,110
1,58
1,73
1,136
1,22
1,55
1,58
1,98
1,100
1,106
2,53
1,47
1,39
3,191
1,74
1,219
1,74
1,22
1,103
2,172
1,108
1,185
1,157
1,81
1,109
1,76
3,140
1,97
1,61
1,189
1,187
1,27
1,66
1,131
1,88
1,133
3,79
1,93
1,30
1,101
1,180
1,53
2,49
3,77
5,117
1,60
1,192
1,82
22,244
1,198
1,31
1,68
1,24
1,31
4,190
1,32
1,113
2,100
1,39
1,39
1,120
1,36
1,27
1,163
1,63
2,163
1,101
1,55
1,190
1,192
1,131
2,183
1,46
1,80
1,46
2,116
1,42
1,157
2,193
1,141
1,65
1,133
1,76
1,125
1,54
1,78
1,66
1,85
2,84
1,32
1,24
1,32
1,130
2,186
2,89
1,37
1,80
1,124
2,165
2,199
1,141
1,60
1,26
1,82
1,187
1,26
1,80
1,57
3,191
3,157
1,40
1,156
1,81
1,73
18,273
1,76
1,110
1,40
1,110
1,72
1,95
1,110
2,61
2,50
1,46
1,94
1,83
2,169
1,133
1,198
3,253
1,20
1,74
1,49
1,59
1,89
1,66
1,23
1,116
1,58
1,34
1,41
1,27
1,32
1,44
1,61
1,48
1,111
4,184
1,108
1,58
1,23
1,48
1,68
2,116
1,45
1,128
1,32
1,57
26,129
1,50
1,106
1,42
1,130
1,116
1,40
1,34
1,47
2,166
2,171
1,129
1,75
2,148
1,48
1,105
1,141
1,166
1,177
1,102
1,99
1,105
2,104
1,96
1,69
1,53
1,26
1,99
1,67
1,87
1,67
1,45
1,70
1,78
1,69
1,18
3,126
1,130
1,180
1,78
1,96
3,121
1,34
2,68
1,159
1,177
1,36
2,152
1,136
1,126
1,33
2,66
1,54
1,103
4,114
1,64
1,64
2,121
1,45
1,85
1,49
1,149
1,183
1,185
1,118
2,191
2,59
1,28
1,46
1,37
2,128
1,120
2,88
1,132
1,36
3,184
1,170
1,33
1,115
1,112
2,106
1,25
2,98
1,54
1,114
1,190
1,29
1,79
2,211
1,37
1,98
1,73
1,60
1,40
1,123
1,9
1,39
2,64
1,150
1,23
1,114
1,94
1,51
1,118
1,206
1,33
1,70
1,156
5,159
1,95
2,151
1,72
1,205
1,35
1,65
1,68
1,170
1,133
1,156
1,82
1,87
2,245
1,68
1,203
1,23
2,118
1,32
1,41
1,180
2,104
1,77
1,61
1,35
1,83
1,47
2,165
1,103
1,75
1,71
1,43
1,78
1,96
2,159
3,143
1,41
1,58
1,27
2,75
2,50
1,21
1,63
4,120
1,144
1,154
1,131
1,80
1,128
1,85
1,178
2,66
3,183
1,78
1,51
1,148
1,71
1,134
1,32
1,47
2,35
1,47
1,162
3,204
3,207
1,112
1,143
1,115
1,153
1,45
1,157
1,61
1,25
1,32
3,151
1,153
1,78
1,71
1,68
1,94
1,194
2,147
1,36
1,26
1,80
1,89
2,44
1,32
1,37
1,125
1,90
2,187
1,149
1,97
1,117
1,80
1,44
1,64
1,226
1,78
1,68
1,27
1,108
2,61
1,183
1,29
1,135
1,36
1,47
1,136
1,58
1,33
1,70
1,123
1,93
1,97
1,86
1,49
1,81
2,22
1,30
1,61
1,165
2,123
1,182
1,42
2,37
2,52
1,37
1,105
1,22
1,190
2,201
1,170
4,175
3,92
1,37
2,141
1,124
5,219
1,116
2,172
1,93
1,138
1,152
1,199
1,63
2,202
1,190
2,156
2,161
4,213
1,123
1,39
1,47
1,36
2,190
1,109
2,153
1,67
6,246
3,218
1,58
1,102
1,35
1,51
1,32
1,190
1,188
1,57
1,36
2,82
1,91
1,236
1,227
1,121
1,118
1,172
1,68
2,58
2,99
1,25
1,42
1,42
1,101
1,40
2,222
3,53
1,78
1,188
1,49
1,68
1,199
1,39
2,66
1,73
1,24
1,374
1,113
1,64
1,59
1,128
2,52
1,190
2,148
1,144
1,109
1,191
1,23
1,139
1,122
1,74
1,53
1,134
2,204
1,63
1,200
1,43
1,28
1,74
1,171
1,146
2,142
1,177
1,223
1,95
1,134
1,165
1,23
2,159
1,35
1,56
1,29
1,190
1,67
1,48
1,31
1,100
1,34
2,112
1,91
2,50
1,49
1,32
2,68
1,22
1,30
1,64
1,99
1,101
2,43
1,28
1,106
1,93
1,102
1,51
2,53
1,54
1,71
1,216
1,37
1,48
1,91
1,27
1,98
2,97
1,159
1,68
1,65
1,218
1,76
1,56
1,75
1,70
1,177
1,74
1,77
1,82
1,124
1,46
1,151
1,78
1,181
1,33
1,50
1,51
1,56
1,80
1,79
1,45
1,150
1,156
1,155
1,49
1,182
1,45
1,116
1,37
1,111
1,35
1,72
1,31
1,155
1,59
1,49
1,98
2,73
1,23
1,141
1,52
1,132
2,193
2,146
1,206
1,48
1,60
1,211
1,101
1,38
1,100
1,166
1,45
1,80
1,84
1,94
1,47
1,49
2,134
1,29
2,60
1,74
1,143
1,31
1,82
1,106
1,51
1,298
1,148
1,43
1,78
1,154
1,212
1,122
1,170
1,57
1,218
1,110
1,62
1,87
1,85
4,324
1,130
1,55
1,125
1,25
1,93
1,42
1,100
1,54
1,116
1,134
2,111
1,141
1,82
1,51
1,43
2,84
1,135
2,106
1,54
1,63
1,185
1,69
1,83
1,50
1,45
1,94
1,28
1,111
1,76
1,33
1,140
1,53
1,214
1,31
1,25
1,67
1,190
1,74
1,77
1,76
1,101
1,28
1,188
1,122
1,25
1,143
1,53
2,123
1,52
1,23
1,191
1,89
1,40
3,178
1,114
1,54
1,66
2,237
2,180
2,198
1,111
1,38
1,47
1,84
2,110
1,78
1,43
1,54
1,159
1,139
2,178
1,85
1,67
1,102
1,116
1,78
3,141
1,85
1,61
1,40
1,39
2,209
1,88
2,104
1,103
1,42
1,77
1,103
1,49
2,109
1,100
1,20
1,99
1,69
2,215
3,194
2,83
1,34
1,41
1,54
1,41
1,68
1,49
2,159
1,131
1,119
3,168
1,147
1,139
1,87
1,34
1,74
1,67
1,73
1,42
1,131
2,118
1,162
2,97
1,58
1,68
1,155
1,28
1,160
1,15
2,66
1,74
2,71
1,29
1,137
1,30
1,117
1,61
1,72
1,46
1,67
1,110
1,49
1,88
1,58
1,34
1,102
1,24
2,146
1,30
1,95
1,191
1,118
1,70
1,61
1,111
1,70
2,234
1,136
1,93
2,209
1,75
1,29
1,54
1,55
1,65
1,115
1,184
1,99
1,209
2,150
1,117
1,56
1,106
1,134
2,37
1,103
1,146
1,38
1,40
1,176
1,87
1,40
1,41
1,166
1,77
3,52
1,116
1,73
2,37
1,195
1,98
1,127
1,25
1,43
1,41
1,68
1,200
1,81
1,111
1,70
1,162
1,34
1,85
1,29
1,19
1,41
1,31
1,70
2,156
1,84
1,57
1,89
1,36
1,43
1,32
1,19
1,131
3,180
1,71
1,49
1,292
1,39
1,121
1,66
1,167
1,46
1,175
2,133
3,212
1,102
1,70
1,42
2,176
1,44
1,76
1,160
1,30
1,86
1,44
1,41
1,97
1,154
1,145
1,120
2,180
1,149
1,144
1,71
1,41
2,133
1,61
1,30
1,73
1,62
1,131
1,161
1,33
1,30
2,33
1,29
1,27
2,187
1,73
1,97
1,50
1,41
2,68
1,27
2,80
1,205
3,191
1,67
1,46
1,25
1,68
1,48
1,47
1,42
1,113
1,46
2,202
1,39
2,126
1,38
1,196
2,111
1,45
1,63
1,24
1,31
2,149
1,144
1,59
1,205
1,105
2,60
2,69
1,61
2,152
1,78
1,65
2,140
1,50
2,54
1,83
1,219
1,159
1,133
1,23
1,206
2,111
2,39
1,40
1,34
2,42
1,40
1,116
2,119
1,76
1,67
1,28
1,109
1,41
1,98
1,116
1,63
1,56
1,27
1,30
1,44
1,142
1,78
2,80
1,54
2,58
1,73
2,131
4,170
1,45
1,111
1,119
2,127
1,33
1,147
1,76
2,191
1,32
2,142
1,51
1,36
1,92
1,45
1,59
1,34
2,29
1,84
1,44
1,34
1,58
7,206
1,118
2,189
1,61
1,27
1,46
1,34
1,51
1,196
2,178
1,77
1,31
1,56
1,24
3,55
1,129
2,57
1,70
1,118
1,61
1,145
1,104
1,33
1,186
2,76
1,41
1,78
2,101
1,32
1,89
1,102
1,138
1,143
1,61
1,136
1,38
1,45
1,45
1,209
1,156
3,175
1,25
1,43
1,30
2,172
1,49
1,35
1,26
1,40
1,99
1,119
1,33
1,152
1,171
1,91
2,106
1,82
1,41
1,30
1,153
1,123
1,95
1,60
1,42
1,42
1,46
10,73
1,95
1,64
1,152
1,47
1,69
1,85
1,22
1,202
1,33
1,101
2,197
1,44
2,215
1,40
1,159
1,98
1,24
2,176
1,38
1,22
1,24
1,189
1,144
1,81
1,178
1,111
2,150
1,62
1,33
1,83
1,47
2,148
1,47
2,171
1,79
1,30
1,87
2,35
1,95
2,137
1,54
2,265
1,83
1,35
1,57
6,310
1,83
1,149
1,140
1,49
1,130
1,177
1,106
2,156
1,44
2,77
1,53
1,41
1,204
1,48
1,142
1,110
1,91
1,120
1,39
2,52
1,25
1,154
1,198
1,133
1,66
1,34
1,62
1,99
1,193
1,177
2,119
9,171
1,73
2,166
1,45
1,64
1,179
1,98
1,92
1,42
1,50
1,84
1,251
1,96
1,33
2,120
1,113
1,32
1,39
1,182
1,28
1,45
1,69
1,84
1,174
1,140
1,117
1,87
1,116
1,113
2,138
1,45
1,153
1,99
1,163
1,40
1,95
1,28
1,75
1,104
1,189
1,171
1,38
1,152
1,69
1,56
1,57
1,89
1,139
1,162
1,60
1,43
1,36
1,146
1,36
1,30
1,51
2,98
1,164
2,109
1,216
1,45
1,41
1,103
13,92
1,161
1,122
3,187
1,144
1,34
1,56
1,48
2,117
2,184
1,135
1,116
1,91
1,146
1,66
1,65
1,45
1,40
1,191
1,61
1,112
1,116
1,38
2,204
1,138
2,463
1,44
1,61
1,120
1,167
1,35
1,147
1,137
1,64
1,97
1,26
1,146
1,138
1,104
1,217
1,142
1,23
1,25
1,212
3,99
2,134
1,73
1,64
1,95
2,27
1,95
1,29
2,168
1,100
2,95
2,154
1,47
1,260
1,235
1,207
1,44
1,34
1,54
1,70
1,41
1,46
1,103
1,44
1,30
1,84
1,88
2,119
1,80
1,61
1,34
1,162
1,104
1,149
1,21
1,44
1,30
1,103
1,107
2,113
1,65
1,108
1,81
1,170
1,114
3,68
1,95
1,60
1,145
1,61
1,73
1,27
4,197
1,109
13,148
1,116
1,215
1,89
2,121
1,54
1,38
1,62
1,77
1,68
1,139
1,111
1,112
2,145
1,49
1,75
1,72
1,65
2,108
1,75
1,49
2,149
1,59
1,61
1,33
1,60
1,86
1,45
1,61
1,48
1,63
2,170
1,47
3,100
1,24
1,150
1,66
1,229
2,200
1,205
1,163
1,159
1,45
1,112
1,92
1,40
1,66
1,27
1,139
1,39
1,49
1,70
1,53
1,101
1,52
1,29
1,203
1,33
1,252
1,42
1,35
1,210
1,52
2,90
2,139
1,33
1,45
1,34
1,69
2,98
2,198
1,35
1,73
2,65
2,61
1,136
1,50
1,78
1,71
1,141
1,75
1,39
1,38
1,143
1,42
1,24
1,101
1,114
1,116
1,209
1,52
2,30
2,153
3,202
1,28
1,44
1,56
1,20
1,42
1,107
1,102
1,85
1,54
1,156
2,177
1,151
1,34
1,160
1,79
1,109
3,204
2,166
1,38
1,65
1,31
1,68
1,31
1,125
1,88
2,112
1,56
3,209
2,251
1,89
1,92
1,20
1,68
2,50
1,66
1,45
1,78
1,75
1,71
1,57
1,73
2,69
1,204
2,64
1,146
1,111
2,92
1,30
2,32
2,164
1,58
1,135
4,142
1,25
1,103
1,50
1,130
1,50
1,140
1,40
1,69
2,110
1,41
1,75
1,73
1,29
1,49
1,105
3,40
1,143
1,30
1,56
1,87
1,67
1,39
1,148
1,32
1,138
1,102
1,73
1,118
1,136
1,142
1,76
2,166
1,184
2,117
1,41
1,90
1,69
2,225
1,88
1,89
1,25
1,165
1,73
1,148
1,36
1,115
2,104
1,33
1,78
1,68
2,156
1,97
1,62
1,168
1,23
1,68
1,34
1,208
1,83
1,34
1,180
1,56
1,91
1,62
1,183
1,98
1,53
1,36
1,156
1,32
2,159
1,59
2,230
2,115
1,34
1,81
1,42
1,91
1,95
1,226
2,114
1,54
2,77
1,124
1,204
1,31
1,204
1,59
2,177
1,29
1,49
1,70
1,38
1,109
1,96
1,107
1,45
1,29
1,78
1,39
1,36
1,43
2,191
1,55
1,44
1,70
2,192
1,181
1,70
1,102
1,41
1,70
1,155
2,110
1,204
2,181
1,82
2,58
1,68
2,108
1,167
1,136
1,114
1,45
1,135
2,147
1,45
1,44
1,36
1,40
1,52
2,112
1,65
1,101
1,34
2,112
1,102
1,101
2,72
1,185
1,72
1,42
1,77
1,38
1,31
1,103
3,144
1,197
2,115
1,80
1,48
2,91
1,34
1,35
1,125
2,67
1,119
1,163
1,58
1,82
1,181
1,40
1,85
1,53
1,48
3,126
2,169
2,169
1,68
2,151
1,198
2,91
1,153
1,29
1,57
4,130
1,126
1,84
1,45
1,41
1,38
1,46
1,88
2,224
3,181
1,122
1,35
1,194
1,125
2,189
1,131
1,42
1,52
1,19
1,130
1,99
1,48
1,87
1,215
1,104
2,62
1,115
1,133
1,122
1,50
2,199
2,237
1,37
1,62
2,32
1,47
2,225
1,154
1,82
1,139
1,62
1,141
2,138
2,136
1,52
1,180
1,59
1,104
2,154
1,106
1,84
1,162
1,110
1,42
1,46
2,208
2,26
1,43
2,130
1,126
1,30
1,175
1,30
1,66
1,54
1,197
1,50
1,203
2,194
1,51
1,146
1,76
1,33
1,81
1,38
1,177
2,145
1,32
1,98
1,37
1,67
1,180
1,50
1,191
1,53
1,177
1,56
6,69
1,129
1,115
3,44
1,57
1,38
1,66
1,74
1,117
1,45
1,153
1,203
1,67
1,39
1,53
2,94
1,98
1,23
1,112
1,22
2,149
2,199
1,142
1,78
1,183
1,101
1,82
1,74
1,93
1,131
1,55
1,116
4,185
2,98
1,127
1,147
1,248
1,100
1,58
1,103
1,196
2,134
1,40
1,39
1,209
1,23
1,30
2,191
1,43
1,39
1,60
1,37
1,82
1,177
1,399
1,172
1,95
1,41
1,120
5,116
1,75
1,88
1,42
1,56
1,107
1,118
1,58
1,26
1,68
1,50
1,76
2,135
1,56
2,132
1,136
1,185
2,163
1,25
1,170
1,199
1,20
1,85
1,27
1,83
1,145
1,172
1,58
3,206
1,35
1,143
1,214
1,96
1,75
1,28
1,38
1,32
1,99
2,196
1,32
1,43
1,75
1,59
1,112
1,133
1,27
1,87
1,90
1,90
1,34
1,141
1,67
3,158
2,102
2,194
1,30
1,74
1,50
1,142
1,71
1,66
1,64
1,35
1,64
1,54
1,124
1,79
2,64
1,32
1,65
1,116
1,208
1,211
1,51
1,27
1,81
1,59
1,49
1,45
1,96
1,38
1,90
1,40
1,141
1,146
1,109
1,43
1,77
1,45
1,117
2,35
2,75
1,29
1,197
1,125
2,111
1,30
1,238
1,113
1,45
1,64
1,44
1,68
1,40
2,128
1,195
1,34
2,83
1,217
1,48
1,53
1,147
1,55
1,107
1,46
1,78
1,27
1,62
1,100
1,170
3,171
1,68
1,42
1,73
1,111
1,123
1,51
1,82
1,41
1,100
1,143
1,60
1,34
1,72
1,101
3,65
1,174
1,89
2,160
1,67
1,17
1,54
1,195
1,130
1,25
1,32
1,218
1,78
1,201
1,107
1,26
1,79
2,157
3,242
1,65
1,52
1,41
1,116
1,52
6,110
1,43
1,131
3,217
1,96
1,31
1,76
1,74
1,47
1,145
1,34
1,73
1,93
1,200
1,151
1,45
1,27
1,82
1,74
1,188
1,77
1,179
1,83
1,196
1,103
2,107
1,44
1,55
1,206
1,178
1,46
1,66
1,45
1,64
1,189
1,30
1,164
1,184
1,39
1,55
2,189
2,92
1,39
1,48
1,36
1,217
1,75
1,65
1,149
1,26
1,144
1,160
1,195
1,40
1,29
6,196
1,39
2,188
1,163
2,94
1,78
1,104
1,34
1,142
1,43
1,82
1,166
1,35
1,225
1,156
2,197
2,188
1,125
1,34
1,29
1,64
1,84
4,184
1,86
1,75
1,28
1,191
2,190
1,47
1,35
2,66
1,80
1,160
1,57
1,210
2,119
1,110
1,43
1,147
1,107
1,117
1,54
1,200
1,63
1,116
1,71
1,44
1,27
1,209
1,45
1,52
1,52
2,203
1,55
1,75
1,130
1,30
1,64
1,70
1,129
2,132
1,116
1,71
1,219
2,98
1,36
1,163
1,221
1,64
1,68
1,152
1,112
1,154
1,130
1,105
1,62
1,37
1,33
1,129
2,190
1,64
1,32
1,143
1,26
1,48
1,40
1,108
1,109
1,51
1,102
1,61
2,102
2,56
5,297
1,31
1,208
1,158
1,74
1,58
1,117
1,87
1,55
2,53
2,46
1,24
1,101
1,32
2,222
1,170
2,139
1,99
1,115
1,63
3,162
1,37
2,92
1,28
1,37
1,100
1,36
1,27
1,34
2,70
1,54
1,126
1,53
1,40
1,39
1,64
1,44
1,138
1,138
1,63
1,29
1,43
1,48
1,198
1,88
1,217
1,187
1,213
1,29
1,136
1,161
1,126
1,35
1,78
1,194
1,59
3,54
1,36
1,58
1,141
2,44
1,144
1,69
1,179
2,156
1,78
1,169
1,44
2,157
1,33
1,204
1,60
1,100
1,34
1,57
1,108
1,29
1,53
1,239
1,62
1,41
1,197
1,65
1,33
1,39
1,189
1,35
1,32
1,32
1,90
1,92
1,55
1,47
1,32
1,132
1,36
1,30
2,39
1,29
1,31
4,178
1,125
1,57
1,97
3,146
1,47
1,154
2,52
1,65
1,35
1,152
1,165
3,99
2,127
1,42
1,28
1,49
1,37
1,77
1,27
1,33
1,71
1,85
1,34
1,35
1,63
1,62
2,152
2,129
1,24
1,40
1,86
1,100
1,134
1,137
1,44
1,167
1,213
1,45
1,66
1,47
1,77
2,64
2,167
1,24
2,152
1,117
1,188
2,150
1,19
1,45
1,107
1,124
1,30
1,74
1,83
1,161
1,56
1,55
12,189
3,118
1,107
1,99
1,20
1,85
2,128
1,116
1,43
1,80
1,55
1,111
1,75
1,115
1,66
1,134
1,53
1,32
1,96
3,161
1,36
1,29
1,57
1,21
1,37
2,222
1,53
1,35
1,96
1,223
1,33
1,34
1,90
1,76
3,101
1,109
1,145
2,153
1,127
1,110
1,36
1,130
1,46
1,113
1,174
1,40
3,138
1,38
1,123
2,138
3,180
1,31
1,82
1,115
1,173
1,203
2,181
2,139
1,46
2,157
1,96
3,85
1,77
1,34
1,186
1,124
1,36
5,270
1,202
1,103
2,82
1,122
1,33
1,78
1,66
1,43
1,159
2,49
2,80
1,41
1,213
1,48
1,171
2,104
2,196
1,36
1,58
1,200
1,149
1,58
1,120
2,168
1,129
1,95
1,79
1,117
2,157
1,125
1,27
1,50
1,51
1,36
1,77
1,111
1,78
1,156
1,89
1,146
1,76
1,121
1,138
1,83
1,133
1,31
1,60
1,178
1,94
1,66
1,33
1,27
1,229
2,92
2,140
1,37
1,66
1,151
1,33
1,85
2,166
1,58
1,70
1,31
1,176
1,165
1,177
1,161
1,82
1,163
1,50
1,52
1,101
1,138
1,32
1,132
1,44
1,64
2,129
1,48
1,46
1,54
1,26
1,55
1,102
1,40
2,47
1,137
1,185
1,38
1,61
1,148
1,164
1,159
1,87
5,206
2,181
1,38
1,118
2,93
1,61
1,54
1,51
1,75
2,351
1,46
2,194
1,98
2,98
1,30
1,184
1,39
3,189
2,150
1,36
1,37
1,145
1,149
1,134
1,106
1,45
2,186
1,96
1,175
3,396
1,33
1,38
1,58
1,41
1,77
1,41
1,70
1,63
1,39
1,62
1,196
1,27
1,222
1,150
1,91
1,82
1,32
1,21
1,66
1,96
1,96
1,75
1,52
1,103
1,103
1,188
1,162
1,185
1,214
2,25
1,52
1,155
1,51
1,108
2,170
1,86
1,46
1,29
1,24
1,178
1,82
1,64
1,126
2,76
3,46
1,47
1,56
1,109
1,62
1,111
1,42
4,174
1,87
1,42
1,132
1,110
3,220
1,66
1,142
2,59
1,46
1,144
1,133
2,78
1,96
2,172
1,140
1,37
1,36
1,108
1,49
1,60
1,197
1,169
1,58
1,38
1,286
5,168
1,214
2,62
2,93
1,66
1,35
1,79
1,156
1,140
1,90
1,154
1,130
1,65
1,98
1,83
1,192
1,35
1,39
2,135
1,46
1,95
1,39
1,154
2,109
1,60
1,41
1,38
1,102
2,169
1,59
1,44
1,39
1,27
1,222
1,37
1,39
1,31
1,22
2,146
1,35
1,65
2,151
1,31
1,53
2,118
1,132
1,97
1,119
1,50
1,38
2,86
1,28
1,42
1,135
1,28
1,187
1,222
1,40
1,39
1,212
1,61
1,108
1,72
1,110
1,32
1,109
1,17
2,186
1,122
1,116
4,176
1,40
1,38
1,30
1,70
1,38
1,43
1,67
1,72
13,116
1,82
1,52
1,48
1,55
1,165
4,119
1,52
1,192
1,48
1,50
1,115
2,162
1,68
1,114
1,50
2,120
1,65
1,164
1,49
1,126
1,78
1,37
1,103
1,58
1,55
1,111
1,53
1,147
1,193
1,175
1,68
1,36
2,146
1,107
1,31
1,107
1,43
1,166
1,65
1,124
1,117
1,55
1,77
1,38
1,145
1,122
1,36
3,66
1,73
1,51
1,93
2,69
1,153
1,26
1,40
1,121
1,87
1,62
1,43
1,129
1,57
1,27
1,76
1,106
1,63
2,77
4,86
2,200
2,82
1,49
1,153
1,146
3,48
1,35
1,94
1,206
1,114
2,58
1,50
1,105
1,67
2,197
1,38
1,79
1,103
1,18
1,255
1,209
1,162
1,53
1,109
1,45
2,141
1,65
2,30
1,118
1,117
1,95
1,44
1,91
1,161
1,99
1,202
1,70
1,185
1,44
1,154
2,212
1,76
2,184
1,46
1,57
3,289
1,34
2,24
1,90
2,147
1,163
1,54
1,175
2,92
1,96
1,76
1,36
1,45
1,123
1,199
1,49
1,116
1,42
1,151
1,93
2,180
1,147
1,90
1,81
1,38
1,52
1,42
1,34
1,200
2,123
1,115
1,47
2,124
2,151
1,46
2,104
1,64
1,85
1,173
1,176
1,48
1,211
1,167
1,31
1,110
1,25
1,36
1,44
1,23
1,28
1,65
1,37
1,98
2,47
4,165
1,137
3,184
1,111
1,95
1,34
1,185
1,24
1,42
2,109
1,79
1,72
1,84
3,147
1,80
1,201
1,60
1,180
3,110
1,53
1,160
1,102
1,119
1,34
1,46
1,89
2,197
2,85
1,40
1,35
1,47
1,56
1,162
1,47
1,167
1,133
1,34
1,64
1,208
1,83
1,50
2,225
1,48
1,31
2,147
1,52
1,42
1,70
2,154
3,152
1,52
1,26
1,59
1,51
1,55
1,32
1,45
1,40
1,45
1,59
1,51
1,154
1,55
1,80
1,113
1,26
1,109
1,76
1,77
1,26
1,170
1,53
1,223
1,145
1,73
1,36
3,141
3,174
2,174
1,53
1,62
1,39
1,35
3,100
2,144
1,54
1,119
1,32
1,58
1,52
1,41
1,121
2,121
1,42
1,57
1,40
3,213
1,39
1,40
1,65
1,159
1,211
1,165
1,147
1,43
1,93
1,81
1,68
1,44
1,41
1,147
1,126
1,77
1,200
1,27
2,202
1,154
1,70
2,78
1,37
1,144
1,38
2,67
1,43
1,160
3,163
1,35
1,65
1,201
1,229
1,51
1,155
1,71
1,44
1,42
1,184
2,71
1,53
2,123
1,78
1,148
1,25
1,49
1,58
1,171
2,201
2,161
1,64
1,44
1,109
2,206
1,132
1,157
1,64
2,216
1,45
1,62
1,49
1,108
1,134
1,142
1,39
1,53
1,83
6,184
1,143
1,138
1,41
1,215
1,52
1,47
1,219
1,96
1,120
1,34
1,87
2,145
1,160
1,75
1,98
1,196
1,59
2,194
1,60
2,128
1,127
2,30
1,53
1,68
1,27
1,53
2,159
1,164
1,31
1,87
1,85
1,32
1,47
1,133
1,131
3,426
1,112
1,37
1,76
1,51
1,36
1,68
1,44
1,109
1,153
1,41
1,59
1,70
1,19
1,155
1,195
2,83
1,45
1,147
2,121
1,70
1,65
2,117
1,55
1,28
1,66
1,117
1,46
1,80
1,28
1,60
1,25
1,98
1,54
1,181
1,34
2,72
1,60
1,45
2,92
1,67
1,124
1,52
2,142
2,183
1,45
1,50
1,126
1,42
1,49
1,50
1,109
2,221
1,45
1,104
1,134
1,70
1,163
1,75
1,35
1,51
1,93
1,33
1,55
1,115
1,35
2,198
1,193
1,26
1,91
1,194
1,25
1,22
1,31
1,42
1,127
1,179
1,195
1,79
1,31
1,108
1,42
1,166
1,128
1,163
2,170
1,78
2,161
1,47
1,61
1,70
1,193
2,55
3,74
1,88
1,30
1,118
1,39
1,34
1,76
1,39
1,88
1,149
1,49
1,49
1,75
1,76
1,83
1,30
1,49
2,52
1,102
1,121
1,48
1,103
1,94
2,181
3,83
3,55
1,103
1,199
1,49
1,139
1,207
2,129
3,155
1,108
1,153
1,23
1,117
1,158
1,50
1,150
1,169
3,178
1,117
1,85
1,124
1,116
1,53
1,63
1,87
1,51
1,76
1,62
1,72
2,63
1,65
1,40
2,138
1,151
1,85
1,121
1,35
2,59
1,69
1,45
3,145
1,103
4,224
1,227
1,60
1,78
1,107
1,108
1,139
1,140
1,38
1,101
1,17
1,42
1,35
1,52
1,46
1,38
1,86
1,28
1,94
1,45
3,114
1,139
1,159
1,58
1,201
1,63
1,35
11,53
1,123
2,216
1,83
1,38
1,70
1,25
1,41
1,35
1,111
1,25
2,226
1,104
1,37
1,87
1,24
1,29
2,93
1,32
7,275
1,69
2,139
1,153
2,92
1,466
1,219
1,24
1,44
1,55
1,89
1,42
1,101
1,172
1,168
1,66
1,129
1,92
1,148
1,70
1,138
1,39
1,105
1,36
2,160
1,223
1,138
4,135
1,190
2,201
1,157
1,70
1,90
2,43
1,183
1,37
2,175
3,171
1,71
1,89
3,153
1,196
1,126
1,214
1,108
1,47
1,32
1,149
1,145
2,133
2,85
1,69
1,59
1,178
1,47
2,36
1,57
1,153
1,94
3,140
1,158
2,89
1,47
1,37
2,227
2,158
1,31
1,167
1,161
1,83
1,108
1,61
1,187
1,55
1,177
1,58
1,40
2,224
1,41
1,73
2,89
2,37
1,45
1,79
3,96
1,56
2,114
1,29
1,23
1,72
1,196
1,42
3,136
1,189
1,96
1,72
1,114
1,70
1,72
1,51
2,195
1,183
1,47
1,104
1,87
3,71
1,42
2,143
1,66
1,29
1,171
1,37
1,82
2,59
2,257
1,81
1,172
2,85
1,64
1,28
1,89
1,41
1,61
1,137
1,75
1,183
1,198
1,55
1,163
1,41
1,113
1,92
1,61
1,108
1,59
1,113
1,128
1,150
1,80
1,143
1,66
1,86
3,125
1,75
1,60
1,80
1,63
1,59
1,89
1,212
1,43
1,83
1,157
1,111
1,180
1,87
1,141
1,80
2,98
2,245
1,73
1,59
1,204
1,117
1,190
1,76
1,110
1,132
1,196
2,158
1,35
2,117
1,42
2,236
1,161
1,32
1,114
1,46
1,34
1,35
1,30
1,65
3,138
1,73
1,143
1,112
2,147
1,131
1,74
1,92
1,156
1,78
1,22
1,78
1,32
1,145
1,59
1,38
2,130
1,59
1,40
1,85
1,94
2,188
1,90
1,137
1,124
2,237
1,33
1,71
1,91
2,60
2,100
1,136
1,104
1,22
1,169
1,133
1,45
1,86
1,64
1,120
1,65
1,71
2,95
1,187
1,43
1,45
1,114
1,130
1,85
1,69
2,24
2,37
1,35
1,30
1,92
1,53
1,39
1,44
1,97
1,50
1,46
1,106
1,60
2,178
2,39
1,47
1,106
1,56
1,73
1,39
2,78
1,58
1,56
1,119
1,32
2,137
1,123
1,179
1,71
1,53
1,88
1,36
1,53
1,88
1,96
2,128
2,79
1,90
1,35
1,35
3,209
1,55
1,62
1,33
3,146
1,92
1,135
1,83
1,145
1,95
1,244
1,85
1,207
1,45
1,29
2,31
1,157
1,109
1,111
1,112
1,37
1,46
1,44
1,141
2,209
1,28
3,177
1,122
1,144
1,45
1,35
1,48
1,72
1,67
2,117
1,49
1,72
1,85
1,49
1,118
1,116
2,71
1,163
1,44
1,33
1,160
1,170
1,130
1,33
1,93
1,79
1,31
1,152
1,164
2,176
2,235
2,176
1,59
1,70
1,102
2,177
1,173
1,24
1,91
1,72
1,63
1,31
1,65
1,48
2,21
1,50
3,117
1,50
1,181
2,161
1,118
1,37
1,29
1,75
1,63
1,31
1,28
1,55
2,97
2,222
1,89
2,142
1,212
1,37
1,70
1,57
1,133
2,171
1,194
1,27
1,124
1,37
1,180
1,147
1,148
1,100
1,44
1,61
1,67
1,165
1,107
1,71
1,60
1,42
1,166
2,127
1,44
1,148
2,210
1,47
1,71
1,55
1,102
1,67
1,55
1,105
1,189
1,25
1,153
1,175
1,228
1,48
1,43
1,52
1,67
1,28
1,144
1,54
2,183
1,131
1,57
2,151
1,58
1,42
2,189
1,77
1,172
1,54
1,107
1,43
2,138
1,104
1,49
1,30
1,71
1,188
1,96
2,152
1,167
1,28
1,21
5,104
1,107
1,45
1,161
1,148
1,49
1,22
1,185
1,45
1,184
1,57
2,90
2,56
1,83
1,156
1,101
1,144
1,178
1,34
1,108
1,55
1,49
1,27
2,85
1,55
1,67
1,114
1,69
1,32
1,69
1,164
1,112
3,191
2,32
1,55
1,100
2,111
1,165
1,51
1,58
1,94
1,112
1,24
3,182
1,63
1,64
1,36
1,95
1,34
1,20
1,35
1,88
1,114
1,248
1,33
1,45
2,131
1,257
1,44
2,166
1,170
1,63
1,193
1,67
3,274
1,121
2,209
1,50
1,77
2,101
1,32
1,23
1,43
1,123
1,62
1,80
1,131
1,159
2,36
1,77
1,105
1,46
1,132
1,172
1,58
1,49
1,208
2,207
1,127
1,66
2,211
1,182
1,50
1,175
1,103
1,79
1,70
1,145
1,50
1,46
1,91
1,205
3,192
1,46
2,88
1,100
3,83
1,194
1,112
1,31
2,92
1,38
1,216
1,50
2,98
1,85
1,40
1,95
1,227
1,51
1,315
1,181
1,37
2,203
1,50
1,131
1,72
1,63
1,80
2,149
1,40
2,140
2,189
2,113
1,39
1,99
2,90
1,70
3,117
3,160
1,104
1,30
1,57
1,45
1,73
1,61
1,69
1,81
1,69
1,83
2,140
1,167
2,135
1,108
1,83
1,86
1,155
1,43
1,56
1,73
1,74
1,82
8,145
1,40
1,45
1,57
1,55
1,31
1,182
1,206
1,102
1,95
1,165
1,78
1,95
1,176
2,157
1,46
2,52
1,187
1,132
2,63
2,164
1,69
1,72
1,112
1,181
1,180
1,64
1,24
1,93
1,176
1,93
1,73
1,108
3,252
1,78
1,127
1,81
1,155
1,159
1,127
1,92
1,155
1,65
2,214
2,65
1,176
1,136
1,42
1,34
1,102
1,146
1,36
1,54
1,112
1,54
1,33
1,174
1,36
3,156
1,179
1,133
1,40
1,33
1,71
1,71
1,36
2,60
1,74
1,174
1,40
1,36
2,138
2,53
1,50
1,105
1,47
1,26
1,170
1,32
1,54
1,33
1,44
1,164
1,83
3,148
1,33
1,141
1,52
1,157
1,59
1,100
1,30
1,103
1,61
1,132
1,60
1,160
1,56
2,203
1,54
1,49
1,71
1,41
1,183
1,118
1,191
2,143
1,43
1,79
1,62
1,45
2,188
1,99
1,160
2,81
1,51
1,138
1,87
1,75
1,36
4,270
1,87
1,85
1,123
1,34
1,40
1,206
1,33
1,144
1,149
1,34
1,186
1,187
2,131
1,59
3,174
1,97
1,173
1,171
1,40
1,181
1,175
1,121
1,38
1,110
1,66
1,57
1,70
1,70
1,120
1,47
1,224
1,34
1,76
1,168
1,61
1,156
1,20
1,44
1,140
4,102
2,83
1,23
1,209
1,172
1,38
1,40
1,161
1,58
1,43
1,108
1,23
1,42
1,32
1,64
1,57
1,85
1,202
1,119
1,24
1,109
1,127
1,39
1,182
2,111
1,188
1,131
1,63
1,73
1,57
1,127
1,36
1,58
2,46
1,109
1,27
3,188
1,140
1,192
1,218
1,57
1,31
1,93
1,128
1,113
1,48
1,139
1,51
1,157
2,93
1,44
1,22
2,231
1,153
1,74
1,76
2,203
1,97
1,43
1,191
1,94
1,53
1,216
1,33
1,184
1,47
1,98
1,190
1,146
2,130
1,73
1,42
1,40
3,159
1,105
1,64
3,86
1,73
1,73
3,130
1,42
2,196
1,202
1,29
1,69
1,69
1,117
1,37
2,42
1,93
2,163
2,88
1,72
1,177
1,240
1,31
1,38
1,46
2,55
1,151
1,50
1,70
1,172
1,63
1,66
1,126
1,50
1,64
1,30
1,161
1,35
1,32
1,106
16,118
1,44
1,47
1,31
1,84
1,47
2,60
1,35
1,89
1,82
2,105
1,159
1,29
1,44
1,91
1,38
2,65
2,146
1,75
1,59
1,118
1,41
1,31
1,169
1,36
1,140
1,43
2,147
1,93
1,175
1,40
2,96
1,56
1,42
1,26
1,36
1,151
2,138
2,121
1,143
1,64
1,45
2,175
1,62
1,44
1,54
1,29
1,78
1,105
2,119
1,28
1,53
1,90
29,141
3,17
1,55
2,75
1,86
1,41
1,102
1,78
1,106
2,213
1,31
1,116
1,145
1,151
2,188
1,91
1,113
1,52
1,65
1,40
1,97
2,263
1,76
1,30
1,71
1,41
1,93
1,184
1,44
1,107
1,27
1,61
1,52
1,94
1,60
1,25
1,53
1,55
1,131
1,39
1,49
1,209
1,188
1,206
1,21
1,222
2,83
1,68
2,101
1,117
2,146
1,93
1,84
1,105
1,44
1,48
1,41
1,30
1,63
1,66
1,87
1,88
2,150
1,75
1,119
1,79
2,111
1,82
1,32
1,70
2,102
2,196
1,67
1,122
1,120
1,88
2,137
1,199
1,47
1,133
1,42
1,34
1,36
1,40
1,73
1,236
1,37
1,39
1,39
1,29
1,34
1,134
1,36
1,87
1,118
1,53
1,124
1,150
1,76
1,166
1,101
1,61
1,34
1,72
1,51
1,46
1,42
1,115
1,45
1,33
1,96
1,46
1,131
1,158
1,42
1,36
1,171
1,90
1,84
1,77
1,77
1,32
3,196
1,49
1,27
2,170
1,91
1,138
2,145
1,92
1,42
3,301
1,33
2,142
1,148
2,167
2,79
1,196
1,41
1,32
1,160
1,38
1,65
1,83
1,69
1,213
1,129
2,95
1,42
1,25
4,156
1,84
1,40
1,32
1,68
1,73
1,27
1,206
1,85
1,32
2,43
1,104
1,188
1,31
1,32
1,42
1,23
3,54
1,92
1,54
1,62
1,125
1,164
1,186
1,86
3,51
2,184
2,129
1,31
1,33
1,180
1,77
2,231
1,36
1,32
1,31
1,69
2,241
1,30
1,78
1,136
1,179
2,214
1,206
1,62
2,143
1,35
1,22
1,38
1,193
1,90
1,46
1,71
1,101
1,91
1,107
1,86
1,100
1,39
9,73
1,107
1,141
1,117
1,99
1,118
1,31
1,145
1,60
1,58
1,78
2,183
1,92
1,90
1,214
2,202
1,59
1,105
1,140
1,97
1,115
1,141
2,200
1,158
1,97
1,129
1,108
6,270
1,38
1,89
1,27
1,151
1,175
1,166
1,53
1,32
3,210
1,88
1,121
1,83
1,24
1,146
1,129
1,89
1,71
2,94
1,66
1,63
1,199
1,28
1,175
1,132
2,211
1,127
2,56
1,81
1,28
1,63
1,47
1,50
1,34
1,106
1,129
1,84
1,39
1,47
1,38
1,221
1,123
1,109
1,96
2,217
1,30
2,213
2,81
1,68
3,202
2,62
1,85
1,58
1,37
1,65
2,182
1,78
1,164
1,99
1,30
1,45
1,42
1,54
1,28
1,137
1,228
1,72
1,30
1,63
1,65
1,187
1,45
1,162
1,108
1,62
1,87
1,185
2,152
1,35
1,95
1,30
3,203
1,30
1,28
1,115
1,27
1,29
2,193
1,31
1,55
1,32
1,36
2,60
3,126
1,33
1,68
3,166
1,45
1,77
1,40
2,88
2,56
1,25
1,49
1,31
8,68
2,216
1,115
1,64
1,82
1,109
1,42
1,53
1,30
1,84
1,38
1,101
1,87
1,169
1,118
1,64
1,118
2,191
1,76
1,31
1,233
1,69
1,72
1,70
1,106
1,39
2,145
2,91
1,86
1,168
1,189
1,66
1,123
2,102
1,61
3,148
1,105
1,61
1,66
1,134
1,62
1,65
10,140
1,34
1,56
1,61
1,193
1,113
2,70
1,176
1,41
1,138
1,139
7,216
1,42
1,84
1,185
1,18
1,103
1,54
1,51
2,116
1,34
1,111
2,82
1,139
4,154
1,123
1,21
1,161
1,99
1,118
1,76
1,64
1,92
1,62
2,238
1,153
1,189
1,42
1,50
1,167
1,39
2,69
1,39
1,40
1,212
1,159
1,192
1,32
1,118
2,103
1,78
1,39
1,88
1,24
1,58
1,32
1,43
1,135
1,65
2,61
1,96
1,34
2,92
1,78
1,30
1,33
1,139
1,125
1,33
1,136
2,117
1,59
2,194
1,36
1,51
2,61
1,30
2,91
1,116
1,134
1,55
1,100
1,146
1,50
1,32
1,54
1,67
1,61
1,41
1,162
1,47
1,31
1,92
1,42
1,91
1,64
1,238
1,146
1,82
1,156
1,70
3,132
1,46
1,112
1,231
1,101
2,174
1,59
2,107
1,139
1,83
1,54
1,131
1,85
1,29
1,63
1,31
3,52
1,66
1,43
1,56
1,24
2,128
1,38
2,199
1,51
1,30
1,45
1,101
1,32
1,87
2,193
1,28
1,68
1,62
1,68
1,167
1,77
1,154
1,139
1,63
1,73
2,169
1,38
1,48
1,64
1,99
1,57
2,87
1,97
1,31
2,132
1,74
1,72
1,218
1,136
1,79
1,50
1,68
3,126
1,30
2,97
2,153
1,35
1,71
2,122
2,223
1,36
1,35
1,49
1,106
1,177
1,110
1,34
1,97
1,34
1,37
1,132
1,196
1,51
1,79
1,155
1,107
1,96
1,143
1,205
1,93
1,203
1,56
1,68
1,134
2,129
1,191
1,82
1,34
1,159
1,61
1,106
1,23
4,129
1,121
2,48
1,86
1,111
1,185
2,173
2,217
2,165
1,117
2,217
1,36
1,165
1,43
1,100
1,173
3,174
1,41
1,45
1,151
1,56
1,52
1,43
1,28
1,197
2,134
1,41
1,140
1,40
1,105
1,235
1,41
1,132
1,54
1,95
1,88
1,242
1,103
1,116
1,166
3,213
1,53
1,33
1,166
6,224
2,93
1,39
1,42
1,62
1,63
1,143
1,29
1,152
1,28
1,41
1,102
1,67
1,32
1,76
1,40
1,104
1,193
1,56
1,116
1,116
1,40
1,62
1,124
1,184
1,166
1,84
2,65
1,70
1,52
1,82
1,141
2,30
1,63
2,162
1,123
2,172
1,178
1,169
1,68
1,180
1,163
1,39
1,28
1,161
2,87
1,184
1,178
3,166
1,27
1,109
1,18
1,48
1,42
1,120
2,39
1,86
1,74
1,142
1,40
1,157
1,75
1,102
1,76
2,172
1,125
2,148
1,50
1,171
1,74
1,133
1,167
1,122
1,146
2,130
1,203
2,198
1,60
1,113
1,45
1,109
2,37
1,54
2,88
1,154
40,334
1,32
1,199
1,16
1,140
1,165
1,27
1,58
2,135
1,90
1,24
1,39
1,27
1,122
1,118
1,117
1,49
1,60
2,155
1,26
2,104
3,173
2,146
1,70
1,127
1,110
1,33
1,31
1,71
1,38
1,59
1,99
1,30
1,76
1,99
1,48
2,79
1,42
1,52
1,47
1,53
2,119
1,37
1,56
1,97
1,136
1,25
1,87
1,31
1,42
2,230
1,102
1,38
3,127
1,146
1,38
1,41
1,82
1,136
1,118
1,156
1,83
1,25
1,118
2,179
1,51
1,30
1,44
1,74
1,77
3,95
2,162
1,40
1,36
1,211
1,32
1,28
1,52
9,85
1,171
1,228
1,85
1,220
1,177
1,49
1,159
1,29
1,19
1,95
1,69
1,98
1,31
1,49
1,42
1,127
1,107
1,61
1,213
1,186
2,103
1,34
1,33
1,119
1,67
1,41
1,204
1,145
1,36
3,171
1,125
1,146
3,170
1,124
1,141
1,49
1,83
1,47
1,74
1,27
1,57
2,42
1,42
1,43
1,135
1,40
1,53
1,56
2,81
1,76
1,46
2,97
1,98
1,50
1,46
1,21
1,140
1,40
1,44
1,43
1,64
2,74
1,33
1,63
3,208
3,136
1,32
1,52
1,16
1,30
1,42
1,107
1,44
1,19
1,65
1,61
1,181
1,128
1,122
1,185
1,137
1,33
1,168
1,47
1,84
1,32
1,29
1,38
1,93
1,57
1,88
1,102
1,41
1,28
1,101
3,236
1,84
1,32
1,41
1,25
1,63
1,125
1,90
3,57
3,193
1,32
1,159
1,44
1,43
1,56
1,58
1,50
1,212
1,117
1,60
1,136
1,165
2,153
2,57
2,121
1,69
1,52
1,51
1,56
1,140
1,80
1,23
1,70
1,66
1,144
1,169
1,58
1,189
1,59
1,55
2,156
1,48
1,39
1,28
3,120
1,76
1,46
1,38
1,75
1,208
1,28
1,157
3,139
1,162
1,64
1,66
1,101
2,53
1,50
1,192
1,52
1,131
2,44
1,26
1,121
1,38
1,32
2,122
2,160
1,50
1,41
1,60
1,47
1,105
1,64
1,66
1,86
1,103
1,37
1,179
1,46
1,72
1,43
2,151
1,36
1,193
1,48
1,92
1,37
1,130
1,29
1,56
1,100
1,35
1,37
1,72
1,35
1,222
2,157
2,94
1,162
3,87
1,95
1,100
1,151
1,141
1,36
1,136
3,143
1,62
2,179
1,131
1,70
1,166
1,118
1,80
1,53
1,95
1,95
1,80
1,35
2,183
1,44
1,126
1,51
1,88
1,125
1,65
1,137
1,59
1,22
1,27
1,45
1,178
1,115
1,193
1,200
1,151
2,50
1,200
1,31
1,108
1,50
1,156
1,35
1,177
1,38
1,32
1,32
1,39
1,106
1,50
1,40
1,53
1,27
1,116
1,183
1,98
1,50
2,94
1,80
1,51
1,68
1,40
1,25
1,160
1,39
1,75
1,195
1,55
2,116
1,89
1,121
2,186
2,125
2,97
1,190
1,68
1,30
1,163
1,78
1,54
1,45
1,96
1,167
1,116
2,156
1,26
1,33
1,70
1,72
1,147
1,205
1,54
1,72
1,95
1,87
1,71
2,228
1,63
1,61
1,212
1,192
1,35
3,205
1,203
1,89
1,86
1,32
1,28
1,39
1,118
1,67
1,51
1,95
2,92
1,111
4,194
1,143
1,178
1,47
1,96
1,88
1,70
1,66
1,52
1,35
3,226
1,82
1,60
1,60
1,47
1,30
2,95
1,159
1,87
1,41
1,30
1,18
1,116
1,147
1,59
1,51
1,73
1,62
1,32
1,46
1,39
1,41
1,192
1,84
1,46
2,159
1,92
1,125
1,139
2,112
1,165
1,56
2,186
1,172
1,55
1,40
2,136
1,135
1,135
1,47
1,38
1,207
2,129
1,81
1,126
1,28
1,33
1,72
1,61
1,51
1,83
1,55
1,197
1,97
1,40
1,187
1,22
1,34
1,98
1,39
2,197
1,78
1,174
1,165
1,76
2,152
2,211
2,105
2,148
2,150
1,102
1,184
1,159
1,19
1,148
1,60
1,195
1,21
1,200
1,208
1,44
1,36
2,189
1,90
1,50
1,73
2,151
1,64
1,33
1,48
2,92
2,89
1,101
1,26
1,122
1,59
1,64
2,115
1,169
1,84
1,127
1,30
1,67
1,58
1,105
1,63
2,75
2,37
2,46
1,52
2,57
1,57
1,108
1,129
1,32
2,50
2,64
1,85
2,227
1,206
1,130
1,33
1,90
1,25
1,114
1,80
1,67
1,46
1,130
2,183
1,154
1,21
1,54
2,236
1,47
1,40
1,103
1,47
5,188
3,210
1,82
1,91
1,69
1,124
1,194
1,96
1,107
1,144
1,188
1,29
1,117
1,87
1,48
1,105
1,109
1,72
1,210
1,138
1,80
1,74
1,194
1,45
1,68
1,159
2,75
1,65
1,36
1,80
1,174
1,93
1,45
1,77
1,85
1,46
1,96
1,31
1,62
1,57
1,184
1,27
1,207
1,91
2,39
1,56
1,163
1,31
1,86
1,52
1,74
1,63
1,37
2,50
1,36
1,59
1,25
1,40
1,57
1,32
1,94
1,29
1,83
2,50
2,94
1,47
2,77
2,208
1,58
1,30
2,149
1,155
1,155
1,92
1,111
1,174
1,64
2,126
1,93
1,156
2,150
2,199
2,193
1,40
1,42
1,119
1,43
1,41
1,60
2,161
1,31
1,53
3,208
1,102
1,46
1,47
1,44
1,80
1,34
1,66
1,199
2,187
2,206
1,68
2,88
1,73
1,66
1,160
1,135
1,68
1,80
1,35
1,43
1,217
1,45
1,54
1,129
1,222
1,40
1,66
4,192
1,189
1,48
1,72
1,58
1,54
1,110
1,76
1,97
1,53
1,129
1,29
32,245
1,84
1,111
1,179
1,32
1,42
1,87
1,62
1,124
1,46
2,52
2,142
2,86
1,74
2,68
1,48
1,114
2,198
1,34
1,47
1,77
1,49
2,212
1,180
1,94
1,56
2,58
3,193
1,33
1,63
1,103
3,103
1,68
2,171
1,58
2,151
1,54
2,176
1,40
1,58
1,47
1,113
1,124
1,100
2,108
1,159
1,149
1,83
1,33
1,54
1,74
1,168
1,71
1,56
1,140
1,119
2,170
1,64
1,197
1,51
1,50
1,62
1,62
1,40
1,39
1,96
1,68
1,33
2,25
1,191
1,105
1,118
1,132
1,64
1,55
2,193
1,99
3,173
1,36
2,151
1,68
1,131
2,131
1,80
1,91
1,39
1,118
2,184
1,175
1,119
1,30
1,29
2,80
1,51
1,35
1,82
1,144
1,70
1,97
2,112
2,150
1,137
1,131
1,41
2,75
1,178
1,65
1,46
1,106
1,220
1,136
1,204
2,100
3,182
1,82
1,106
1,143
1,70
1,112
6,103
1,78
1,110
1,88
1,63
1,52
1,59
1,40
1,97
1,177
1,51
2,196
1,148
1,43
1,56
2,140
1,117
1,35
1,54
1,88
1,132
1,43
2,131
2,33
1,38
1,54
3,97
1,48
1,67
1,37
1,103
1,159
1,71
2,92
2,42
1,100
1,77
2,160
1,109
2,49
2,164
3,162
1,121
1,102
1,70
1,42
4,179
1,93
1,51
1,73
1,122
1,116
2,64
3,96
1,61
2,230
1,111
1,96
1,34
3,24
2,122
2,184
1,59
1,42
1,85
3,136
1,178
1,51
1,149
1,29
1,134
1,195
1,28
1,154
1,45
1,191
1,188
1,29
1,127
1,143
1,54
1,39
1,42
1,56
1,127
1,68
1,163
1,132
1,66
2,196
1,107
1,153
1,34
8,110
1,159
4,174
1,91
1,62
1,68
2,31
1,82
2,129
1,99
3,192
2,173
1,59
2,47
1,60
1,125
2,155
1,107
2,123
1,27
1,172
1,101
1,41
1,225
1,88
1,177
2,43
1,139
1,102
1,76
1,161
1,46
1,54
1,56
1,97
1,194
1,48
1,59
1,59
1,31
1,46
1,46
1,136
1,47
1,87
1,78
1,162
1,50
1,119
1,148
1,43
1,103
1,58
1,61
1,88
3,218
1,30
1,80
2,147
1,51
1,91
1,120
1,46
2,36
1,108
1,135
1,124
2,88
2,167
1,130
1,123
1,54
1,47
1,61
1,139
1,123
4,209
1,70
1,87
3,72
1,183
1,37
1,179
1,57
1,95
1,143
2,68
1,59
2,104
1,43
1,46
1,80
2,74
1,178
1,41
2,97
2,36
1,23
1,58
1,117
1,64
2,132
1,78
1,36
1,68
1,33
1,59
1,190
1,194
3,115
1,165
1,150
2,188
1,38
2,235
1,90
2,78
1,76
2,158
1,29
1,92
1,30
1,71
1,22
1,60
1,26
1,194
1,80
1,28
1,84
1,50
1,171
1,46
1,42
1,80
1,216
3,145
1,74
2,220
1,56
1,64
1,68
1,134
1,67
1,97
1,176
1,33
1,91
1,114
1,75
1,40
1,102
2,109
1,46
1,27
1,112
1,150
1,30
1,156
1,218
1,94
1,85
1,22
1,58
3,199
1,173
1,54
1,46
1,87
1,113
1,92
1,154
1,94
1,67
1,78
1,55
1,119
2,174
1,46
1,174
1,122
3,166
2,52
1,24
1,143
1,82
1,220
1,57
1,33
1,53
1,194
1,104
1,36
24,153
1,52
2,94
1,75
1,40
1,137
1,148
1,29
1,91
1,54
1,69
1,76
1,42
3,156
1,42
2,146
1,28
1,37
1,30
1,127
1,57
1,91
1,117
1,100
1,40
1,54
1,40
2,135
2,144
1,144
1,147
1,126
1,62
1,142
1,92
1,100
1,35
2,48
5,122
1,260
1,84
2,134
1,33
1,94
1,37
1,64
1,101
1,33
1,229
1,181
1,29
1,43
1,57
1,34
1,146
2,74
1,94
1,20
2,169
1,28
1,88
1,195
1,152
1,111
1,152
1,195
1,75
2,126
1,35
1,46
2,43
1,92
1,145
1,120
1,43
4,222
1,123
2,167
1,68
2,234
2,84
1,95
1,52
1,126
1,152
1,81
1,132
1,59
1,108
4,90
1,55
1,103
1,41
1,54
1,37
1,93
1,46
1,66
1,37
1,46
1,36
1,105
1,36
1,99
1,94
2,170
1,98
1,197
1,92
1,80
1,58
2,269
2,92
1,60
2,47
2,191
1,182
1,167
1,40
3,94
1,25
1,102
1,64
1,141
1,45
1,71
1,80
1,45
1,49
1,154
5,140
1,32
1,77
1,71
1,25
1,62
1,53
1,53
2,167
1,36
1,88
1,112
1,85
1,41
1,192
1,43
2,45
1,40
1,39
1,35
1,73
1,50
1,71
1,33
1,41
2,44
1,170
1,60
1,91
2,59
1,165
1,67
1,75
1,31
1,28
1,66
1,36
1,32
1,54
3,156
2,92
1,141
1,46
1,229
1,41
1,192
1,71
1,133
1,231
1,32
1,154
1,210
1,108
1,152
2,192
2,175
1,62
2,188
1,49
1,72
1,39
1,97
2,56
1,122
2,95
1,37
4,202
2,147
1,194
2,76
1,59
1,51
2,64
2,58
1,117
9,86
1,26
2,203
1,60
1,148
1,104
1,67
1,33
1,81
1,108
1,66
2,207
1,69
1,33
1,198
1,25
1,75
1,89
1,40
1,61
1,27
1,22
2,48
1,108
1,83
1,44
1,58
2,192
1,26
1,68
1,32
2,153
1,141
1,196
1,178
1,72
1,86
1,160
1,119
1,160
1,26
1,39
1,212
1,128
1,113
2,114
2,197
1,97
1,80
3,123
1,30
1,46
2,42
2,36
1,124
1,87
1,149
1,65
1,23
1,156
1,72
2,36
3,96
1,62
1,181
1,128
1,49
1,46
1,51
1,96
1,43
1,98
1,88
1,157
1,32
1,56
2,165
1,83
1,198
1,55
1,257
1,45
1,73
1,47
1,210
1,113
1,116
1,112
1,137
1,40
1,47
2,256
1,46
1,39
1,98
1,118
1,334
1,206
1,123
2,31
1,32
1,106
1,103
1,185
2,169
1,31
1,31
1,109
1,27
1,180
1,174
1,107
1,22
1,83
1,83
1,32
1,40
1,58
1,119
1,126
1,45
1,186
1,172
2,193
1,46
1,37
1,115
1,70
1,43
1,165
1,54
2,176
1,180
1,40
1,93
1,61
1,30
1,51
1,102
1,76
1,23
2,226
1,69
1,125
1,60
1,197
1,40
1,81
2,132
2,138
2,55
1,57
1,67
1,41
1,66
1,28
1,59
1,79
1,114
1,26
1,113
1,36
1,105
1,25
1,39
2,184
1,151
1,121
1,50
1,84
1,54
1,59
1,195
1,170
1,76
1,47
1,99
1,102
1,78
1,64
1,90
1,116
1,34
1,132
1,42
2,103
1,47
1,152
1,81
1,84
1,34
1,174
1,77
1,56
1,35
2,115
1,25
1,190
1,37
2,36
1,49
1,75
7,303
1,51
1,33
1,81
2,62
1,39
1,197
1,50
1,68
1,50
34,181
1,64
2,122
1,92
1,59
1,169
1,224
1,70
1,37
1,24
1,89
1,111
2,189
1,108
1,106
1,70
1,30
1,108
1,83
1,154
1,30
1,129
1,214
1,48
1,180
1,34
1,110
1,41
1,232
1,29
1,38
2,233
1,33
1,105
1,119
1,57
1,69
1,52
1,85
2,170
1,65
2,137
1,52
1,92
1,35
3,261
1,161
1,53
1,80
2,225
1,110
1,80
2,44
1,35
3,137
2,160
1,163
1,124
1,161
1,30
1,78
2,102
1,38
1,246
1,52
1,25
1,107
1,44
1,142
2,109
1,141
1,37
1,25
1,128
1,113
1,196
1,170
1,187
1,67
1,27
1,56
1,53
2,88
1,222
1,117
1,31
1,142
1,46
1,60
1,128
1,166
1,133
1,59
1,203
1,57
3,153
1,74
1,42
1,96
1,30
1,106
2,52
1,39
1,85
1,39
3,139
1,124
1,70
1,43
3,214
1,33
2,49
1,30
1,53
1,36
1,130
1,56
1,144
2,43
1,106
1,58
2,205
1,101
1,55
1,39
1,170
1,26
1,65
1,32
1,72
3,196
1,72
3,196
1,36
1,37
1,123
1,194
2,138
1,82
1,64
1,156
1,151
1,67
1,72
1,26
1,38
2,143
1,45
3,154
1,59
1,182
1,26
1,39
1,79
1,81
3,123
5,40
1,49
1,56
1,36
1,186
1,52
1,31
1,90
1,69
1,90
1,102
2,109
3,139
1,59
1,189
1,151
1,58
1,40
1,124
1,154
2,120
2,136
2,192
1,164
1,94
1,47
1,25
1,41
3,168
1,75
1,72
1,57
1,30
1,63
1,25
1,27
1,56
1,112
1,59
1,162
1,86
1,53
2,101
1,47
1,160
1,42
1,131
1,70
2,136
1,39
1,62
1,107
1,46
1,52
2,104
1,96
1,41
1,54
1,135
1,169
1,147
1,42
1,35
1,52
1,101
1,107
1,26
1,142
1,210
1,57
1,173
1,134
1,36
1,132
2,102
1,114
1,95
1,54
2,137
1,25
1,119
2,124
1,51
1,60
1,71
2,173
